metric,mean,std_dev,range,relative_uncertainty
quenched_fraction_difference,0.026550000000000018,0.005080600358225414,0.013500000000000068,0.19135971217421507
effect_size_cohens_d,0.06253263016529276,0.01207447049194645,0.032095268546406534,0.1930907185581344
ks_statistic_ssfr,0.041325,0.009588893314663584,0.026799999999999997,0.23203613586602745
