algorithm,ks_stat_ssfr,ks_pval_ssfr,ks_stat_mass,ks_pval_mass,mw_stat,mw_pval,cohens_d,qf_difference
REVOLVER,0.0425,0.011205565691103361,0.0922,5.212250208675548e-11,5134000.0,0.017086447809233993,0.06310173714307328,0.026800000000000046
VIDE,0.0388,0.026528654859579844,0.0902,1.4839447638780328e-10,5146500.0,0.009053113417966455,0.06906038645807093,0.029299999999999993
ZOBOV,0.0554,0.000300776124623593,0.0827,6.113005899793343e-09,5159000.0,0.004572176453136266,0.0750318328032167,0.03180000000000005
VoidFinder,0.0286,0.19010756096261494,0.0675,4.2459331684674355e-06,5091500.0,0.10464824768371252,0.04293656425681016,0.018299999999999983
