,n_galaxies,mean_z,std_z,mean_logmstar,std_logmstar,mean_log_ssfr,std_log_ssfr,quenched_fraction,median_d4000
revolver,2000.0,0.10331901520160974,0.001894382644414924,9.82004879925,0.6454217591770216,-13.47322671551048,3.8537103639421866,0.783,1.4023121
vide,2000.0,0.10269983185161834,0.001489472024945811,9.80448511585,0.6399689485186847,-13.479529115052955,3.749150607695489,0.7855,1.3894183500000001
zobov,2000.0,0.10423447046528965,0.0026061996597457945,9.82680620815,0.6440167939586954,-13.498189743338447,3.5844662524550177,0.788,1.4057048
voidfinder_maximals,2000.0,0.10655607208527429,0.003625813691205709,9.859843619,0.6179597051241625,-13.4032142215436,3.7578041009430496,0.7745,1.3848116
